model,acc,prec,rec,f1,bal_acc,loss,hidden,layers,lr,batch_size,flag,step_size,m,train_time,test_time
fginjk,0.8542981072555205,0.85732509403723,0.8542981072555205,0.8457547262092121,0.8552552617487034,0.3277156740450521,128,4,0.001,64,False,-1,-1,240.93165946006775,0.6276884078979492
