model,acc,prec,rec,f1,bal_acc,loss,hidden,layers,lr,batch_size,flag,step_size,m,train_time,test_time
ginjk,0.9577235772357724,0.9577433878279389,0.9577235772357724,0.9577233536834713,0.9577287533313592,0.16688048267449304,32,6,0.001,8,False,-1,-1,378.11723494529724,0.20189213752746582
ginjk,0.959349593495935,0.9593926757722477,0.959349593495935,0.9593483037199696,0.9593415542112611,0.21350371629544876,64,5,0.001,8,False,-1,-1,399.657687664032,0.19158434867858887
ginjk,0.967479674796748,0.96819466457818,0.967479674796748,0.9674683216163351,0.967511316045518,0.08971448199146195,32,6,0.001,8,False,-1,-1,474.56967663764954,1.6990509033203125