model,acc,prec,rec,f1,bal_acc,loss,hidden,layers,lr,batch_size,flag,step_size,m,train_time,test_time
fginjk,0.9821138211382113,0.982240856346316,0.9821138211382113,0.9821124023096206,0.982100554168958,0.12332950419726464,128,7,0.001,16,False,-1,-1,996.480218410492,0.6844241619110107
fginjk,0.9869918699186991,0.9870740169701774,0.9869918699186991,0.9869911820218147,0.9869812597825627,0.05385066036182394,64,6,0.001,8,False,-1,-1,821.3575177192688,0.5985941886901855
fginjk,0.9869918699186991,0.9869918699186991,0.9869918699186991,0.9869918699186991,0.9869918355260374,0.05042570673489595,64,5,0.001,64,False,-1,-1,317.3017747402191,0.2475440502166748