model,acc,prec,rec,f1,bal_acc,loss,hidden,layers,lr,batch_size,fold,flag,step_size,m,train_time,test_time
fginjk,0.8596214511041009,0.8633909777945655,0.8596214511041009,0.8517406410527547,0.8601942408711702,0.3536250361414738,128,4,0.001,64,fold_0,False,-1,-1,218.98947191238403,0.6147289276123047
fginjk,0.8485804416403786,0.8494104480771975,0.8485804416403786,0.8401830750857266,0.8497395547998269,0.3097976793062048,128,4,0.001,64,fold_1,False,-1,-1,277.63231801986694,0.6012518405914307
fginjk,0.8462145110410094,0.8496581553509819,0.8462145110410094,0.8366839926491888,0.8475559207645903,0.34782664567138116,128,4,0.001,64,fold_2,False,-1,-1,195.17232942581177,0.6246812343597412
fginjk,0.862776025236593,0.866840794926175,0.862776025236593,0.8544111960491781,0.8635313305592262,0.2996133350611485,128,4,0.001,64,fold_3,False,-1,-1,271.93251848220825,0.6700916290283203
