model,acc,prec,rec,f1,bal_acc,loss,hidden,layers,lr,batch_size,flag,step_size,m,time
rgin,0.8525676421866372,0.856163411188391,0.8525676421866372,0.8431279242374942,0.8539863786723678,0.3810020358209647,64,4,0.001,64,False,-1,-1,784.2498345375061
rgin,0.8509110988404197,0.878059177961017,0.8509110988404197,0.82942279337394,0.8528644295613734,0.34841200628707186,128,7,0.001,64,False,-1,-1,2009.497578382492
rgin,0.8553285477636665,0.8591312133716785,0.8553285477636665,0.8476840620225716,0.85685564767262,0.32716903103642014,64,6,0.001,16,False,-1,-1,2321.62353181839,0.9243381023406982
rgin,0.8492545554942021,0.8554851514152784,0.8492545554942021,0.8357876522538483,0.8497467060830038,0.3351150702403304,256,7,0.001,16,False,-1,-1,6470.6359322071075,2.8104135990142822
rgin,0.8525676421866372,0.8534289258762815,0.8525676421866372,0.8453771125944243,0.8539319643246084,0.37804828224624476,64,5,0.001,8,False,-1,-1,3365.873594522476,0.8033416271209717
