model,acc,prec,rec,f1,bal_acc,loss,hidden,layers,lr,batch_size,flag,step_size,m,train_time,test_time
rgin,0.9431818181818182,0.9435658803222094,0.9431818181818182,0.9431723836024494,0.9432286560618998,0.9283836752654608,64,6,0.001,8,False,-1,-1,1315.700005531311,0.442202091217041
rgin,0.9724025974025974,0.9724465501603661,0.9724025974025974,0.972401506397806,0.9723864942074361,0.3898345128330511564,64,6,0.001,8,False,-1,-1,1669.271809577942,2.7704479694366455
rgin,0.974025974025974,0.9740454158671437,0.974025974025974,0.9740254263973428,0.9740151587025501,0.34828542925487554,64,6,0.001,8,False,-1,-1,1429.254159450531,2.59220290184021