model,acc,prec,rec,f1,bal_acc,loss,hidden,layers,lr,batch_size,flag,step_size,m,train_time,test_time
ginjk,0.9805194805194806,0.9806013553153925,0.9805194805194806,0.9805190698109959,0.9805403582007737,0.07158599022092516,64,5,0.001,8,False,-1,-1,418.64440155029297,0.22471356391906738
ginjk,0.9626623376623377,0.9628987204778344,0.9626623376623377,0.9626561372729411,0.9626250487545196,0.09194558185890683,32,6,0.001,8,False,-1,-1,558.4004776477814,1.868227481842041
ginjk,0.961038961038961,0.9613469783542475,0.961038961038961,0.9610307447905905,0.9609963842594056,0.1450681511015966,64,5,0.001,8,False,-1,-1,582.8614459037781,1.9052128791809082