model,acc,prec,rec,f1,bal_acc,loss,hidden,layers,lr,batch_size,fold,flag,step_size,m,train_time,test_time
rgin,0.8438485804416404,0.8422186407217346,0.8438485804416404,0.834526775205608,0.8420890750443496,0.49131538044390993,128,4,0.001,64,fold_0,False,-1,-1,333.8179385662079,0.6650454998016357
