model,acc,prec,rec,f1,bal_acc,loss,hidden,layers,lr,batch_size,flag,step_size,m,train_time,test_time
fginjk,0.8575372722252899,0.8615329101579434,0.8575372722252899,0.8496624538002082,0.8594114479511924,0.3060123336571873,128,5,0.001,32,False,-1,-1,1648.8131172657013,0.9918580055236816
----
fginjk,0.8533627342888643,0.8581852345275781,0.8533627342888643,0.8447861460364573,0.8540320269128047,0.3434556992824764,128,6,0.001,16,False,-1,-1,2589.6114139556885,0.9593675136566162
----
fginjk,0.8465346534653465,0.8490720584849899,0.8465346534653465,0.8354332056797168,0.847574319221725,0.4099334749195997,64,4,0.001,16,False,-1,-1,1405.9661378860474,0.6940004825592041
fginjk,0.8476347634763476,0.8520840509371094,0.8476347634763476,0.8359200729580692,0.8483598924832008,0.4394509287991962,128,4,0.001,16,False,-1,-1,1149.4223268032074,1.2761735916137695