model,acc,prec,rec,f1,bal_acc,loss,hidden,layers,lr,batch_size,flag,step_size,m,train_time,test_time
rgin,0.8586416344561016,0.8632164334048809,0.8586416344561016,0.8504910146185084,0.8603720070170691,0.33814891712037587,128,4,0.001,16,False,-1,-1,2449.934990167618,1.0502924919128418
----
rgin,0.8498349834983498,0.8533103222867743,0.8498349834983498,0.8410983536184183,0.8510493247687043,0.39164210832313046,128,6,0.001,32,False,-1,-1,2688.3129432201385,1.6954257488250732
----
rgin,0.845984598459846,0.8476269580298855,0.845984598459846,0.8360650964847705,0.846833853682858,0.40626945275085063,128,6,0.001,32,False,-1,-1,2980.5826251506805,1.5218915939331055