model,acc,prec,rec,f1,bal_acc,loss,hidden,layers,lr,batch_size,flag,step_size,m,train_time,test_time
ginjk,0.845984598459846,0.8464727784631848,0.845984598459846,0.8338297820929294,0.8464975757662068,0.6575947948460855,64,4,0.001,16,False,-1,-1,842.6340913772583,0.5601727962493896
